category,question,ideal_response
Career Guidance,I am confused between AI and Data Science — which one has more scope?,"Both AI and Data Science are growing fields. AI focuses more on models and algorithms, while Data Science centers on analysis and insights. Consider your interests: if you enjoy research and models choose AI; if you prefer analytics and business impact choose Data Science. Gain practical experience via projects and internships to decide."
Career Guidance,How do I choose between a job and higher studies?,"Consider your long-term goals, financial needs, and field demands. If the job will give you hands-on experience that aligns with your goals, choose work; if you need specialized knowledge or research opportunities, consider higher studies. You can also work for a few years and pursue higher studies later."
Academic Stress,I'm overwhelmed with assignments and exams.,"Create a prioritized schedule, break tasks into small steps, and use active study techniques. Reach out to professors for clarification and form study groups. Ensure you get rest and seek counselling if stress becomes unmanageable."
Interview Anxiety,I get nervous in interviews and blank out.,"Practice mock interviews with friends or with this platform's practice mode. Use breathing techniques before the interview, prepare key stories (STAR format), and remember it's a two-way conversation. Start with small practice sessions to build confidence."
Time Management,How can I manage time between projects and study?,"Use a planner, block time for focused work, and set realistic goals. Prioritize tasks by deadlines and impact. Avoid multitasking and use techniques like Pomodoro to maintain focus."
Career Shift,I want to move from engineering to product management. How to start?,"Gain exposure by collaborating with PMs, learn product frameworks, and take on feature ownership. Build a portfolio showing product decisions and user impact, and consider certifications or mentorship."
Motivation,I feel demotivated after repeated rejections.,"Treat rejections as feedback; review interview performance, seek areas to improve, and iterate. Keep building projects and networking. Celebrate small wins and maintain a learning mindset."
Skill Building,Which online courses are valuable for machine learning?,"Look for courses with hands-on projects, such as Coursera, edX, or fast.ai. Focus on foundational topics: statistics, linear algebra, and practical ML frameworks like PyTorch or TensorFlow."
Work-Life Balance,How to balance work and personal life in a demanding role?,"Set boundaries, schedule personal time, and communicate workload concerns. Prioritize tasks and delegate when possible. Focus on efficient work habits to free up personal time."
Course Selection,Which elective should I pick to improve my employability?,"Choose electives aligned with your target industry—data analytics for business roles, systems for engineering, UX for design. Seek courses with practical projects."
Communication Skills,How to improve presentation skills?,"Practice regularly, focus on clear structure, and rehearse with visuals. Record yourself to identify areas for improvement and seek feedback from peers."
Imposter Syndrome,I feel I don't deserve my role.,"Recognize this is common; document your achievements, set small measurable goals, and seek mentoring. Reflect on your progress and remind yourself of concrete successes."
Networking,How do I network effectively as a student?,"Attend workshops, join student groups, engage on LinkedIn, and reach out to alumni for informational interviews. Offer help and follow up politely."
Internships,How to secure internships with limited experience?,"Create small projects to showcase skills, contribute to open-source, tailor your resume to the role, and apply early. Reach out directly to hiring managers with a concise pitch."
Resume Tips,What makes a resume stand out?,"Be concise, quantify achievements, use role-specific keywords, and include projects with clear impact. Tailor the resume for each application."
Leadership,How can I demonstrate leadership as a junior?,"Lead small projects, mentor peers, volunteer for responsibilities, and show initiative. Document outcomes to highlight impact."
Conflict Resolution,How to handle conflicts with classmates or teammates?,"Address issues openly with empathy, focus on facts, propose solutions, and involve a mediator if needed. Keep communication respectful and goal-oriented."
Decision Making,How to make career decisions under uncertainty?,"List pros/cons, consider long-term trends, seek advice, and run small experiments (short-term commitments) to test paths."
Exam Preparation,How to prepare for competitive exams efficiently?,"Make a study plan, practice past papers, prioritize weak areas, and regularly revise. Simulate exam conditions to build endurance."
Mental Health,I feel persistently low and unmotivated.,"Reach out to a counsellor or trusted person; consider professional help. Build routines, get adequate sleep, and engage in activities that bring joy."
Career Guidance,I'm unsure about choosing between two job offers. How to decide?,"Compare roles on learning, compensation, culture, and long-term growth. Speak with current employees, consider mentorship opportunities, and align with your career goals."
Academic Stress,I procrastinate a lot. How to overcome it?,"Break tasks into small steps, set deadlines, use accountability partners, and reward progress. Identify triggers and create a consistent routine."
Interview Anxiety,How can I improve my technical interview skills quickly?,"Practice coding problems daily, simulate timed interviews, review data structures and algorithms, and work on clear explanations of solutions."
Time Management,How to avoid burnout during internship?,"Set realistic goals, maintain breaks, communicate workload, and practice self-care. Discuss expectations with your manager."
Career Shift,Is it necessary to get a degree for product management?,"Not always; practical experience, business knowledge, and product intuition matter. Consider short courses and on-the-job experience."
Motivation,I lack direction after graduation. What should I do next?,"Explore internships, short-term projects, and informational interviews. Set exploratory goals and learn by doing."
Skill Building,Should I learn full-stack or specialize?,"Consider market demand and interest; full-stack gives breadth, specialization gives depth. Choose based on the role you target."
Work-Life Balance,How to negotiate flexible working hours?,"Prepare a proposal showing how you will meet objectives, discuss with your manager, and propose a trial period."
Course Selection,Which certification adds weight to a resumé in finance?,Certifications like CFA (for investment roles) or financial modeling courses are valuable depending on the area.
Communication Skills,How to reduce filler words during presentations?,"Practice with recordings, create structured scripts, and pause instead of using fillers."
Career Guidance,How do I build a career plan for the next 5 years?,"Break down long-term goals into annual and quarterly milestones, identify skills to build, and regularly review progress."
Academic Stress,What study techniques help retain information longer?,"Use active recall, spaced repetition, and teach-back methods to improve retention."
Mental Health,How to handle academic failure without losing confidence?,"Reflect on what went wrong, seek support, and treat it as a learning opportunity; set practical next steps."
Networking,How to ask for mentorship politely?,"Explain your goals, propose a time commitment, and express appreciation for their guidance."
Internships,What should I include in an internship application message?,"A concise intro, relevant project highlights, and a clear ask for consideration with gratitude."
Networking,How to ask for mentorship politely? (follow-up),"Explain your goals, propose a time commitment, and express appreciation for their guidance."
Networking,How do I network effectively as a student? (follow-up),"Attend workshops, join student groups, engage on LinkedIn, and reach out to alumni for informational interviews. Offer help and follow up politely."
Mental Health,I feel persistently low and unmotivated. (follow-up),"Reach out to a counsellor or trusted person; consider professional help. Build routines, get adequate sleep, and engage in activities that bring joy."
Communication Skills,How to reduce filler words during presentations? (follow-up),"Practice with recordings, create structured scripts, and pause instead of using fillers."
Exam Preparation,How to prepare for competitive exams efficiently? (follow-up),"Make a study plan, practice past papers, prioritize weak areas, and regularly revise. Simulate exam conditions to build endurance."
Work-Life Balance,How to balance work and personal life in a demanding role? (follow-up),"Set boundaries, schedule personal time, and communicate workload concerns. Prioritize tasks and delegate when possible. Focus on efficient work habits to free up personal time."
Decision Making,How to make career decisions under uncertainty? (follow-up),"List pros/cons, consider long-term trends, seek advice, and run small experiments (short-term commitments) to test paths."
Exam Preparation,How to prepare for competitive exams efficiently? (follow-up),"Make a study plan, practice past papers, prioritize weak areas, and regularly revise. Simulate exam conditions to build endurance."
Work-Life Balance,How to negotiate flexible working hours? (follow-up),"Prepare a proposal showing how you will meet objectives, discuss with your manager, and propose a trial period."
Career Shift,I want to move from engineering to product management. How to start? (follow-up),"Gain exposure by collaborating with PMs, learn product frameworks, and take on feature ownership. Build a portfolio showing product decisions and user impact, and consider certifications or mentorship."
Networking,How to ask for mentorship politely? (follow-up),"Explain your goals, propose a time commitment, and express appreciation for their guidance."
Time Management,How to avoid burnout during internship? (follow-up),"Set realistic goals, maintain breaks, communicate workload, and practice self-care. Discuss expectations with your manager."
Career Guidance,How do I choose between a job and higher studies? (follow-up),"Consider your long-term goals, financial needs, and field demands. If the job will give you hands-on experience that aligns with your goals, choose work; if you need specialized knowledge or research opportunities, consider higher studies. You can also work for a few years and pursue higher studies later."
Work-Life Balance,How to negotiate flexible working hours? (follow-up) (follow-up),"Prepare a proposal showing how you will meet objectives, discuss with your manager, and propose a trial period."
Career Shift,Is it necessary to get a degree for product management? (follow-up),"Not always; practical experience, business knowledge, and product intuition matter. Consider short courses and on-the-job experience."
Mental Health,How to handle academic failure without losing confidence? (follow-up),"Reflect on what went wrong, seek support, and treat it as a learning opportunity; set practical next steps."
Decision Making,How to make career decisions under uncertainty? (follow-up),"List pros/cons, consider long-term trends, seek advice, and run small experiments (short-term commitments) to test paths."
Mental Health,How to handle academic failure without losing confidence? (follow-up) (follow-up),"Reflect on what went wrong, seek support, and treat it as a learning opportunity; set practical next steps."
Communication Skills,How to reduce filler words during presentations? (follow-up),"Practice with recordings, create structured scripts, and pause instead of using fillers."
Conflict Resolution,How to handle conflicts with classmates or teammates? (follow-up),"Address issues openly with empathy, focus on facts, propose solutions, and involve a mediator if needed. Keep communication respectful and goal-oriented."
Internships,How to secure internships with limited experience? (follow-up),"Create small projects to showcase skills, contribute to open-source, tailor your resume to the role, and apply early. Reach out directly to hiring managers with a concise pitch."
Conflict Resolution,How to handle conflicts with classmates or teammates? (follow-up),"Address issues openly with empathy, focus on facts, propose solutions, and involve a mediator if needed. Keep communication respectful and goal-oriented."
Networking,How to ask for mentorship politely? (follow-up) (follow-up),"Explain your goals, propose a time commitment, and express appreciation for their guidance."
Career Guidance,I'm unsure about choosing between two job offers. How to decide? (follow-up),"Compare roles on learning, compensation, culture, and long-term growth. Speak with current employees, consider mentorship opportunities, and align with your career goals."
Career Shift,Is it necessary to get a degree for product management? (follow-up),"Not always; practical experience, business knowledge, and product intuition matter. Consider short courses and on-the-job experience."
Career Shift,Is it necessary to get a degree for product management? (follow-up) (follow-up),"Not always; practical experience, business knowledge, and product intuition matter. Consider short courses and on-the-job experience."
Work-Life Balance,How to balance work and personal life in a demanding role? (follow-up) (follow-up),"Set boundaries, schedule personal time, and communicate workload concerns. Prioritize tasks and delegate when possible. Focus on efficient work habits to free up personal time."
Internships,What should I include in an internship application message? (follow-up),"A concise intro, relevant project highlights, and a clear ask for consideration with gratitude."
Communication Skills,How to improve presentation skills? (follow-up),"Practice regularly, focus on clear structure, and rehearse with visuals. Record yourself to identify areas for improvement and seek feedback from peers."
Career Guidance,How do I choose between a job and higher studies? (follow-up),"Consider your long-term goals, financial needs, and field demands. If the job will give you hands-on experience that aligns with your goals, choose work; if you need specialized knowledge or research opportunities, consider higher studies. You can also work for a few years and pursue higher studies later."
Communication Skills,How to improve presentation skills? (follow-up) (follow-up),"Practice regularly, focus on clear structure, and rehearse with visuals. Record yourself to identify areas for improvement and seek feedback from peers."
Motivation,I feel demotivated after repeated rejections. (follow-up),"Treat rejections as feedback; review interview performance, seek areas to improve, and iterate. Keep building projects and networking. Celebrate small wins and maintain a learning mindset."
Internships,What should I include in an internship application message? (follow-up),"A concise intro, relevant project highlights, and a clear ask for consideration with gratitude."
Career Guidance,How do I build a career plan for the next 5 years? (follow-up),"Break down long-term goals into annual and quarterly milestones, identify skills to build, and regularly review progress."
Mental Health,How to handle academic failure without losing confidence? (follow-up) (follow-up) (follow-up),"Reflect on what went wrong, seek support, and treat it as a learning opportunity; set practical next steps."
Internships,What should I include in an internship application message? (follow-up),"A concise intro, relevant project highlights, and a clear ask for consideration with gratitude."
Networking,How to ask for mentorship politely? (follow-up) (follow-up),"Explain your goals, propose a time commitment, and express appreciation for their guidance."
Career Guidance,I'm unsure about choosing between two job offers. How to decide? (follow-up),"Compare roles on learning, compensation, culture, and long-term growth. Speak with current employees, consider mentorship opportunities, and align with your career goals."
Time Management,How to avoid burnout during internship? (follow-up),"Set realistic goals, maintain breaks, communicate workload, and practice self-care. Discuss expectations with your manager."
Career Guidance,How do I build a career plan for the next 5 years? (follow-up) (follow-up),"Break down long-term goals into annual and quarterly milestones, identify skills to build, and regularly review progress."
Academic Stress,I procrastinate a lot. How to overcome it? (follow-up),"Break tasks into small steps, set deadlines, use accountability partners, and reward progress. Identify triggers and create a consistent routine."
Academic Stress,What study techniques help retain information longer? (follow-up),"Use active recall, spaced repetition, and teach-back methods to improve retention."
Academic Stress,What study techniques help retain information longer? (follow-up),"Use active recall, spaced repetition, and teach-back methods to improve retention."
Motivation,I lack direction after graduation. What should I do next? (follow-up),"Explore internships, short-term projects, and informational interviews. Set exploratory goals and learn by doing."
Work-Life Balance,How to negotiate flexible working hours? (follow-up) (follow-up) (follow-up),"Prepare a proposal showing how you will meet objectives, discuss with your manager, and propose a trial period."
